dealer,city,model,sales,date
Albion,Cherkasy,CPH-2000,40748.32,2008
Albion,Cherkasy,3S-4000F,73479.44,2009
Albion,Cherkasy,CPH-2000,50515.59,2012
Albion,Cherkasy,CPH-2000,46974.85,2012
Albion,Cherkasy,PD8070,29437.2,2008
Albion,Cherkasy,NTA3510,94956.06,2008
Albion,Cherkasy,CPH-2000,42647.4,2009
Albion,Cherkasy,YP4025A,185399.28,2015
Albion,Cherkasy,YP825A,31534.22,2014
Albion,Cherkasy,YP825A,31534.22,2014
Amaco,Cherkasy,3S4000HDF,88538.78,2008
Amaco,Cherkasy,3S4000HDF,88538.78,2008
Amaco,Cherkasy,3S4000HDF,88538.78,2008
Amaco,Cherkasy,3S4000HDF,88538.78,2008
Amaco,Cherkasy,3S4000HDF,88538.78,2008
Amaco,Cherkasy,3S4000HDF,88538.78,2008
Amaco,Cherkasy,3S4000HDF,88538.78,2008
Amaco,Cherkasy,CPH-2000,48472.44,2011
Amaco,Cherkasy,2SF30,53974.32,2011
Amaco,Cherkasy,2SF30,53974.32,2011
Amaco,Cherkasy,2SF30,53974.32,2011
Amaco,Cherkasy,CPH-2000,47729.2,2011
Amaco,Cherkasy,PD8070,33608.53,2012
Amaco,Cherkasy,3S-4000F,80228.58,2012
Amaco,Cherkasy,CPH-2000,51310.99,2012
Amaco,Cherkasy,PD8070,33676.01,2013
Amaco,Cherkasy,PFH-2000,52871.57,2013
Amaco,Cherkasy,PFH-2000,52871.57,2013
Amaco,Cherkasy,2SF30,61512.72,2014
Amaco,Cherkasy,YP1630F,100299.08,2014
Amaco,Cherkasy,PFH-2000,54891.62,2014
Amaco,Cherkasy,PFH-2000,54891.62,2014
Agroresurs,Cherkasy,PD8070,30304.88,2011
Agroresurs,Cherkasy,CPH-2000,49783.48,2012
Agroresurs,Cherkasy,NTA3510,133900.3,2012
Agroresurs,Cherkasy,PD8070,30830.15,2012
Agroresurs,Cherkasy,YP1630F,88007.4,2013
Agroresurs,Cherkasy,YP1630F,88007.4,2013
Agroresurs,Cherkasy,YP825A,33160.88,2013
Agroresurs,Cherkasy,YP825A,33160.88,2013
Agroresurs,Cherkasy,YP825A,33160.88,2013
Agroresurs,Cherkasy,CPH-1500,40980.88,2013
Agroresurs,Cherkasy,FH6851HD,19141.6,2014
GPU,Cherkasy,3S4000HDF,75427.64,2009
GPU,Cherkasy,1300F,17008.64,2011
GPU,Cherkasy,NP1540AA,35884.8,2014
GPU,Cherkasy,NP1540AA,41094.4,2015
Technotorg,Cherkasy,1300F,18454.92,2015
Novofarm,Cherkasy,FH6851HD," 17,793.60 ",2014
Eridon,Cherkasy,CPH-1500,38757.96,2010
Eridon,Cherkasy,8336FCC,30270.88,2011
Eridon,Cherkasy,8336FCC,32514.88,2011
Eridon,Cherkasy,3S-4000F,77517.28,2011
Eridon,Cherkasy,3S-4000F,77517.28,2011
Eridon,Cherkasy,CPH-1500,37783.68,2011
Eridon,Cherkasy,PD8070,31241.78,2011
Eridon,Cherkasy,PD8070,31241.78,2011
Eridon,Cherkasy,PD8070,31241.78,2011
Eridon,Cherkasy,PD8070,31241.78,2011
Eridon,Cherkasy,CPH-2000,50503.72,2012
Eridon,Cherkasy,3S-3000F,62169.02,2012
Eridon,Cherkasy,CPH-2000,47700.9,2012
Eridon,Cherkasy,YP1630F,90067.36,2013
Eridon,Cherkasy,YP1630F,88907.28,2013
Eridon,Cherkasy,CPH-1500,40151.1,2014
Eridon,Cherkasy,YP825A,32830.38,2014
Eridon,Cherkasy,CPH-1500,40143.18,2014
Eridon,Cherkasy,CPH-1500,44092.6,2014
Eridon,Cherkasy,CPH-1500,44092.6,2014
GPU,Chernihiv,NTA907HD,90014.7,2010
GPU,Chernihiv,3000TM,49672.35,2013
Technotorg,Chernihiv,PD8070,31929.48,2014
Technotorg,Chernihiv,YP825A,32830.38,2014
Albion,Chernihiv,CPH-2000,46974.85,2012
Albion,Chernihiv,CPH-2000,46974.85,2012
Albion,Chernihiv,CPH-2000,49051.37,2014
Albion,Chernihiv,NTA3510,94956.06,2008
Albion,Chernihiv,YP2425F,113163.05,2012
Albion,Chernihiv,PD8070,30768.33,2011
Albion,Chernihiv,PD8070,32982.76,2012
Albion,Chernihiv,YP4025F,93616.15,2011
Albion,Chernihiv,YP1630F,90254.36,2014
Albion,Chernihiv,NTA3510,94956.06,2008
Albion,Chernihiv,YP4025F,86139.7,2010
Albion,Chernihiv,NTA3510,94956.06,2008
Amaco,Chernihiv,NTA907,92096.48,2011
Amaco,Chernihiv,3S-4000F,71996.36,2011
Amaco,Chernihiv,3S-3000F,63172.25,2012
Amaco,Chernihiv,3S-4000F,86626.18,2012
Amaco,Chernihiv,PFH-2000,52871.57,2013
Amaco,Chernihiv,3S-3000F,63826.87,2013
Amaco,Chernihiv,3S-3000F,63826.87,2013
Amaco,Chernihiv,3S-3000F,63826.87,2013
Amaco,Chernihiv,2SF30,58653.81,2013
Amaco,Chernihiv,3S-4000F,88358.47,2014
Agroresurs,Chernihiv,PD8070,29437.2,2010
Agroresurs,Chernihiv,PD8070,30830.15,2012
Agroresurs,Chernihiv,PD8070,30830.15,2012
Agroresurs,Chernihiv,2SF24,47845.7,2013
Agroresurs,Chernihiv,PD8070,32253.08,2013
Eridon,Chernihiv,PFH-2000,48403.55,2012
Albion,Chernivtsi,CPH-2000,40748.32,2008
Albion,Chernivtsi,8544FC,37749.52,2009
Albion,Chernivtsi,CPH-2000,47587.15,2013
Albion,Chernivtsi,CPH-2000,47587.15,2013
Amaco,Chernivtsi,NTA3510,132522.38,2008
Amaco,Chernivtsi,NTA907,90895.98,2011
GPU,Chernivtsi,3000TM,54531.18,2015
Albion,Crimea,8544FC,35691.16,2008
Albion,Crimea,8544FCC,45111.95,2012
Albion,Crimea,3329DH,35007.7,2011
Albion,Crimea,3S-4000F,69277.72,2010
Albion,Crimea,NTA3510,94956.06,2008
Albion,Crimea,NTA3510,94956.06,2008
Amaco,Crimea,3S4000HDF,88538.78,2008
Amaco,Crimea,3S4000HDF,88538.78,2008
Amaco,Crimea,CPH-2000,49142.92,2011
Amaco,Crimea,CTA4000,118900.25,2012
Amaco,Crimea,CTA4000,118900.25,2012
Agroresurs,Crimea,CPH-2000,46961.48,2010
Agroresurs,Crimea,CPH-2000,46961.48,2010
Agroresurs,Crimea,CPH-2000,46961.48,2010
Agroresurs,Crimea,CPH-2000,49783.48,2012
Agroresurs,Crimea,NTA907,108183.24,2012
Albion,Dnipropetrovsk,CPH-2000,40748.32,2008
Albion,Dnipropetrovsk,CPH-2000,40748.32,2008
Albion,Dnipropetrovsk,CPH-2000,40748.32,2008
Albion,Dnipropetrovsk,CPH-2000,40748.32,2008
Albion,Dnipropetrovsk,CPH-2000,47385.8,2009
Albion,Dnipropetrovsk,CPH-2000,40748.32,2008
Albion,Dnipropetrovsk,CPH-2000,47587.15,2012
Albion,Dnipropetrovsk,TSF-1090,33154.76,2008
Albion,Dnipropetrovsk,PD8070,29437.2,2008
Albion,Dnipropetrovsk,3S4000HDF,63429.72,2008
Albion,Dnipropetrovsk,NTA3510,110610.7,2009
Albion,Dnipropetrovsk,CPH-1500,39172.9,2012
Albion,Dnipropetrovsk,8544FC,46176.08,2009
Albion,Dnipropetrovsk,8544FC,42557.8,2009
Albion,Dnipropetrovsk,8544FC,42557.8,2009
Albion,Dnipropetrovsk,8544FC,44663.08,2009
Albion,Dnipropetrovsk,8544FC,40485.84,2010
Albion,Dnipropetrovsk,8544FC,40485.84,2010
Albion,Dnipropetrovsk,8544FC,40485.84,2010
Albion,Dnipropetrovsk,8544FC,40485.84,2010
Albion,Dnipropetrovsk,8544FCC,43200.4,2011
Albion,Dnipropetrovsk,8539FCC,39004.55,2011
Albion,Dnipropetrovsk,8539FCC,41829.45,2011
Albion,Dnipropetrovsk,8539FCC,41829.45,2011
Albion,Dnipropetrovsk,8539FCC,41829.45,2011
Albion,Dnipropetrovsk,8544FCC,45111.95,2012
Albion,Dnipropetrovsk,8544FCC,45111.95,2012
Albion,Dnipropetrovsk,CPH-2000,48333.72,2010
Albion,Dnipropetrovsk,CPH-2000,48333.72,2010
Albion,Dnipropetrovsk,CPH-2000,48333.72,2010
Albion,Dnipropetrovsk,CPH-2000,48333.72,2010
Albion,Dnipropetrovsk,CPH-2000,49783.48,2011
Albion,Dnipropetrovsk,CPH-2000,49783.48,2011
Albion,Dnipropetrovsk,CPH-2000,47587.15,2011
Albion,Dnipropetrovsk,CPH-2000,47587.15,2011
Albion,Dnipropetrovsk,CPH-2000,50515.59,2012
Albion,Dnipropetrovsk,CPH-2000,46974.85,2012
Albion,Dnipropetrovsk,CPH-2000,46974.85,2012
Albion,Dnipropetrovsk,CPH-2000,46974.85,2012
Albion,Dnipropetrovsk,CPH-2000,46974.85,2012
Albion,Dnipropetrovsk,CPH-2000,47587.15,2013
Albion,Dnipropetrovsk,CPH-2000,49051.37,2014
Albion,Dnipropetrovsk,3S-4000F,69277.72,2010
Albion,Dnipropetrovsk,PD8070,29437.2,2008
Albion,Dnipropetrovsk,PD8070,29437.2,2008
Albion,Dnipropetrovsk,PD8070,30300.8,2010
Albion,Dnipropetrovsk,PD8070,30300.8,2010
Albion,Dnipropetrovsk,PD8070,30300.8,2010
Albion,Dnipropetrovsk,PD8070,30768.33,2011
Albion,Dnipropetrovsk,PD8070,30768.33,2011
Albion,Dnipropetrovsk,PD8070,30768.33,2011
Albion,Dnipropetrovsk,PD8070,30768.33,2011
Albion,Dnipropetrovsk,PD8070,30768.33,2011
Albion,Dnipropetrovsk,PD8070,30830.15,2012
Albion,Dnipropetrovsk,PD8070,30830.15,2012
Albion,Dnipropetrovsk,3329DH,34550.8,2011
Albion,Dnipropetrovsk,3329DH,35007.7,2011
Albion,Dnipropetrovsk,3326DH,32043.7,2013
Albion,Dnipropetrovsk,3326DH,32043.7,2013
Albion,Dnipropetrovsk,NTA907,90895.98,2011
Albion,Dnipropetrovsk,YP4025F,95482.2,2011
Albion,Dnipropetrovsk,NTA907,93653.95,2012
Albion,Dnipropetrovsk,YP825A,32475.54,2013
Albion,Dnipropetrovsk,NTA907,93841.15,2012
Albion,Dnipropetrovsk,YP825A,30592.9,2012
Albion,Dnipropetrovsk,YP4025F,93616.15,2011
Albion,Dnipropetrovsk,NTA907,103449.45,2012
Albion,Dnipropetrovsk,YP825A,30592.9,2012
Albion,Dnipropetrovsk,YP825A,30665.7,2012
Albion,Dnipropetrovsk,YP825A,32475.54,2013
Albion,Dnipropetrovsk,YP825A,32475.54,2013
Albion,Dnipropetrovsk,NTA907,106391.31,2014
Albion,Dnipropetrovsk,YP825A,31534.22,2014
Albion,Dnipropetrovsk,YP825A,31534.22,2014
Albion,Dnipropetrovsk,YP825A,31534.22,2014
Albion,Dnipropetrovsk,YP825A,31534.22,2014
Albion,Dnipropetrovsk,YP1630F,86093.8,2012
Albion,Dnipropetrovsk,CTA4000HD,108987.54,2011
Albion,Dnipropetrovsk,PD8070,29437.2,2008
Albion,Dnipropetrovsk,PD8070,29437.2,2008
Albion,Dnipropetrovsk,3S-4000F,74637.48,2010
Albion,Dnipropetrovsk,3S4000HDF,63429.72,2008
Albion,Dnipropetrovsk,CPH-2000,47587.15,2013
Albion,Dnipropetrovsk,CPH-2000,47587.15,2013
Albion,Dnipropetrovsk,NTA3510,110610.7,2009
Albion,Dnipropetrovsk,PD8070,29437.2,2008
Albion,Dnipropetrovsk,PD8070,29437.2,2008
Amaco,Dnipropetrovsk,PFH-2000,43809.48,2008
Amaco,Dnipropetrovsk,3S4000HDF,88538.78,2008
Amaco,Dnipropetrovsk,CPH-2000,49142.92,2011
Amaco,Dnipropetrovsk,3S-4000F,73810.6,2011
Amaco,Dnipropetrovsk,3S-4000F,84252.86,2012
Agroresurs,Dnipropetrovsk,PD8070,29437.2,2010
Agroresurs,Dnipropetrovsk,CPH-2000,46961.48,2010
Agroresurs,Dnipropetrovsk,CPH-2000,46961.48,2010
Agroresurs,Dnipropetrovsk,3S4000HDF,82987.88,2010
Agroresurs,Dnipropetrovsk,CPH-2000,48369.76,2010
Agroresurs,Dnipropetrovsk,3S-3000F,57808.84,2011
Agroresurs,Dnipropetrovsk,8544FCC,45738,2011
Agroresurs,Dnipropetrovsk,YP4025F,95056.46,2011
Agroresurs,Dnipropetrovsk,8539FCC,42472.98,2011
Agroresurs,Dnipropetrovsk,CPH-2000,49783.48,2012
Agroresurs,Dnipropetrovsk,3S-4000F,80692.88,2012
Agroresurs,Dnipropetrovsk,CPH-1500,40980.88,2012
Agroresurs,Dnipropetrovsk,YP825A,30592.9,2012
Agroresurs,Dnipropetrovsk,CPH-1500,38560.6,2012
Agroresurs,Dnipropetrovsk,8548FCC,47351.85,2012
Agroresurs,Dnipropetrovsk,PD8070,30830.15,2012
Agroresurs,Dnipropetrovsk,CPH-1500,40980.88,2013
Agroresurs,Dnipropetrovsk,YP825A,33160.88,2013
Agroresurs,Dnipropetrovsk,YP1630F,87717.28,2013
Slavutych,Dnipropetrovsk,YP4025F,95390.4,2011
Slavutych,Dnipropetrovsk,YP4025F,95390.4,2011
Slavutych,Dnipropetrovsk,YP4025F,95390.4,2011
Slavutych,Dnipropetrovsk,PD8070,30300.8,2011
Slavutych,Dnipropetrovsk,PD8070,30300.8,2011
Slavutych,Dnipropetrovsk,PD8070,30300.8,2011
Slavutych,Dnipropetrovsk,PD8070,30300.8,2011
Slavutych,Dnipropetrovsk,PD8070,30300.8,2011
Slavutych,Dnipropetrovsk,PD8070,30300.8,2011
Slavutych,Dnipropetrovsk,PD8070,30300.8,2011
Slavutych,Dnipropetrovsk,YP1630F,87418.32,2012
GPU,Dnipropetrovsk,3000TM,54389.94,2015
Titan,Dnipropetrovsk,PD8070," 32,973.20 ",2014
Titan,Dnipropetrovsk,3S-3000F,66426.89,2015
Eridon,Dnipropetrovsk,CPH-2000,47853.44,2015
Technotorg,Dnipropetrovsk,CPH-2000,48381.3,2014
Albion,Donetsk,CPH-2000,40748.32,2008
Albion,Donetsk,CPH-2000,40748.32,2008
Albion,Donetsk,CPH-2000,40748.32,2008
Albion,Donetsk,CPH-2000,40748.32,2008
Albion,Donetsk,CPH-2000,40748.32,2008
Albion,Donetsk,CPH-2000,47385.8,2009
Albion,Donetsk,CPH-2000,47385.8,2009
Albion,Donetsk,CPH-2000,47385.8,2009
Albion,Donetsk,CPH-2000,42647.4,2009
Albion,Donetsk,CPH-2000,42647.4,2009
Albion,Donetsk,CPH-2000,50515.59,2012
Albion,Donetsk,CPH-2000,47587.15,2013
Albion,Donetsk,8544FC,35691.16,2008
Albion,Donetsk,8541FC,35691.16,2008
Albion,Donetsk,8541FC,35691.16,2008
Albion,Donetsk,8541FC,35811.05,2008
Albion,Donetsk,8541FC,35811.05,2008
Albion,Donetsk,6537FC,37749.52,2009
Albion,Donetsk,8544FC,40485.84,2010
Albion,Donetsk,8544FCC,39573.96,2010
Albion,Donetsk,8539FCC,37090.6,2011
Albion,Donetsk,8539FCC,40045.88,2011
Albion,Donetsk,8539FCC,40045.88,2011
Albion,Donetsk,8544FCC,45111.95,2012
Albion,Donetsk,8544FCC,45111.95,2012
Albion,Donetsk,8544FCC,45111.95,2012
Albion,Donetsk,8544FCC,45111.95,2012
Albion,Donetsk,8544FCC,45518.85,2013
Albion,Donetsk,8544FCC,45518.85,2013
Albion,Donetsk,CPH-2000,50566.07,2010
Albion,Donetsk,CPH-2000,48333.72,2010
Albion,Donetsk,CPH-2000,49783.48,2011
Albion,Donetsk,CPH-2000,47587.15,2013
Albion,Donetsk,CPH-2000,49051.37,2014
Albion,Donetsk,CPH-2000,48333.72,2010
Albion,Donetsk,3S4000HDF,69089.36,2008
Albion,Donetsk,YP2425F,113163.05,2012
Albion,Donetsk,PD8070,30768.33,2011
Albion,Donetsk,PD8070,30830.15,2012
Albion,Donetsk,PD8070,23234.93,2014
Albion,Donetsk,3326DH,32043.7,2012
Albion,Donetsk,NTA907,90895.98,2011
Albion,Donetsk,YP4025F,95482.2,2010
Albion,Donetsk,NTA907,93653.95,2012
Albion,Donetsk,YP4025F,93616.15,2011
Albion,Donetsk,YP4025F,93616.15,2011
Albion,Donetsk,NTA907,103449.45,2012
Albion,Donetsk,NTA907,103215.45,2013
Albion,Donetsk,NTA907,103215.45,2013
Albion,Donetsk,YP825A,31534.22,2014
Albion,Donetsk,YP1630F,90254.36,2013
Albion,Donetsk,3S-3000F,57534.1,2012
Albion,Donetsk,NTA3510,94956.06,2008
Albion,Donetsk,PD8070,29437.2,2008
Albion,Donetsk,3S-4000F,76877.4,2011
Albion,Donetsk,3329DH,33544.4,2010
Albion,Donetsk,NTA3510,115715.8,2008
Albion,Donetsk,NTA3510,94956.06,2008
Albion,Donetsk,PD8070,29437.2,2008
Albion,Donetsk,NTA3510,94956.06,2008
Albion,Donetsk,PD8070,29437.2,2008
Albion,Donetsk,PD8070,29437.2,2008
Albion,Donetsk,NTA3510,110610.7,2009
Amaco,Donetsk,3S4000HDF,88538.78,2008
Amaco,Donetsk,NTA3510,132522.38,2008
Amaco,Donetsk,NTA3510,132522.38,2008
Amaco,Donetsk,NTA3510,132522.38,2008
Amaco,Donetsk,CPH-2000,49142.92,2011
Amaco,Donetsk,CPH-2000,47729.2,2011
Amaco,Donetsk,NTA907,102298.93,2012
Amaco,Donetsk,3S-4000F,84252.86,2012
Agroresurs,Donetsk,NTA907,89413.88,2010
Agroresurs,Donetsk,CPH-2000,46961.48,2010
Agroresurs,Donetsk,PD8070,30304.88,2010
Agroresurs,Donetsk,CPH-2000,49783.48,2011
Agroresurs,Donetsk,CPH-2000,49783.48,2011
Agroresurs,Donetsk,CPH-2000,49783.48,2011
Agroresurs,Donetsk,YP825A,30592.9,2012
Agroresurs,Donetsk,8548FCC,47351.85,2012
Agroresurs,Donetsk,YP825A,33160.88,2013
Slavutych,Donetsk,YP2425,112497.66,2013
GPU,Donetsk,3000TM,48340.48,2014
GPU,Donetsk,2400TM,42799.02,2015
Eridon,Donetsk,2400TT,37066.4,2012
GPU,Ivano-Frankivsk,3000TM,54389.94,2015
GPU,Ivano-Frankivsk,3000TM,54531.18,2015
Albion,Kharkiv,CPH-2000,40748.32,2008
Albion,Kharkiv,CPH-2000,40748.32,2008
Albion,Kharkiv,CPH-2000,40748.32,2008
Albion,Kharkiv,CPH-2000,40748.32,2008
Albion,Kharkiv,CPH-2000,48333.72,2010
Albion,Kharkiv,TSF-1090,33154.76,2008
Albion,Kharkiv,TSF-1090,33154.76,2008
Albion,Kharkiv,NTA3510,94956.06,2008
Albion,Kharkiv,TSF-1090,34793.56,2011
Albion,Kharkiv,8544FC,35691.16,2008
Albion,Kharkiv,8544FC,35691.16,2008
Albion,Kharkiv,8544FC,44663.08,2009
Albion,Kharkiv,8544FC,44663.08,2009
Albion,Kharkiv,8544FC,44663.08,2009
Albion,Kharkiv,8544FC,40485.84,2010
Albion,Kharkiv,8539FCC,41829.45,2012
Albion,Kharkiv,8544FCC,45518.85,2013
Albion,Kharkiv,CPH-2000,21964,2008
Albion,Kharkiv,CPH-2000,49783.48,2011
Albion,Kharkiv,CPH-2000,49783.48,2011
Albion,Kharkiv,CPH-2000,47587.15,2012
Albion,Kharkiv,CPH-2000,50515.59,2012
Albion,Kharkiv,CPH-2000,49051.37,2014
Albion,Kharkiv,CPH-2000,49051.37,2014
Albion,Kharkiv,CPH-2000,42647.4,2009
Albion,Kharkiv,NTA3510,94956.06,2008
Albion,Kharkiv,NTA3510,94956.06,2008
Albion,Kharkiv,YP2425,123632.6,2011
Albion,Kharkiv,NTA3510,94956.06,2008
Albion,Kharkiv,3S-4000F,72442.26,2011
Albion,Kharkiv,YP4025F,86139.7,2010
Albion,Kharkiv,PD8070,30300.8,2010
Albion,Kharkiv,PD8070,30768.33,2011
Albion,Kharkiv,PD8070,30768.33,2011
Albion,Kharkiv,PD8070,30768.33,2011
Albion,Kharkiv,PD8070,30830.15,2012
Albion,Kharkiv,PD8070,30830.15,2014
Albion,Kharkiv,PD8070,30830.15,2014
Albion,Kharkiv,NTA907,90895.98,2011
Albion,Kharkiv,YP4025F,93616.15,2011
Albion,Kharkiv,YP825A,30592.9,2012
Albion,Kharkiv,YP4025F,93616.15,2011
Albion,Kharkiv,YP4025F,93616.15,2011
Albion,Kharkiv,YP4025F,93616.15,2011
Albion,Kharkiv,YP4025F,93616.15,2011
Albion,Kharkiv,YP1630F,90254.36,2013
Albion,Kharkiv,NTA3510,94956.06,2008
Albion,Kharkiv,3S-4000F,69277.72,2011
Albion,Kharkiv,3S-4000F,74637.48,2010
Albion,Kharkiv,NTA3510,110610.7,2009
Albion,Kharkiv,CPH-2000,42647.4,2009
Albion,Kharkiv,CPH-2000,42647.4,2009
Albion,Kharkiv,NTA3510,110610.7,2009
Albion,Kharkiv,NTA3510,94956.06,2008
Albion,Kharkiv,PD8070,29437.2,2008
Albion,Kharkiv,NTA3510,94956.06,2008
Amaco,Kharkiv,3S4000HDF,88538.78,2008
Amaco,Kharkiv,3S4000HDF,88538.78,2008
Amaco,Kharkiv,NTA3510,132522.38,2008
Amaco,Kharkiv,CPH-2000,47729.2,2011
Amaco,Kharkiv,NTA907,90895.98,2011
Amaco,Kharkiv,NTA907,90895.98,2011
Amaco,Kharkiv,NTA907,102298.93,2012
Amaco,Kharkiv,CPH-2000,52756.37,2012
Amaco,Kharkiv,CPH-2000,52756.37,2012
Amaco,Kharkiv,PD8070,33676.01,2012
Amaco,Kharkiv,YP1630F,91391.88,2013
Amaco,Kharkiv,PFH-2000,52871.57,2013
Amaco,Kharkiv,NTA3510,135813.16,2013
Agroresurs,Kharkiv,8544FCC,45738,2011
Agroresurs,Kharkiv,YP4025F,95056.46,2011
Agroresurs,Kharkiv,PD8070,30830.15,2012
Agroresurs,Kharkiv,PD8070,30830.15,2012
GPU,Kharkiv,NTA3510,129952.01,2008
GPU,Kharkiv,PD8070,26839.8,2010
GPU,Kharkiv,PD8070,26839.8,2010
GPU,Kharkiv,PD8070,26839.8,2010
GPU,Kharkiv,YP4025,85817.92,2010
Technotorg,Kharkiv,PD8070,31929.48,2014
Technotorg,Kharkiv,CPH-2000,48381.3,2014
Eridon,Kharkiv,CPH-2000,46961.48,2010
Eridon,Kharkiv,PD8070,30300.8,2010
Eridon,Kharkiv,PD8070,31241.78,2011
Eridon,Kharkiv,PD8070,31241.78,2011
Eridon,Kharkiv,CPH-2000,49783.48,2012
Eridon,Kharkiv,CPH-2000,49783.48,2012
Eridon,Kharkiv,8544FCC,45045,2012
Eridon,Kharkiv,PFH-2000,52019.32,2013
Eridon,Kharkiv,YP1630F,88907.28,2013
Eridon,Kharkiv,PDH-2000,50489.34,2013
Eridon,Kharkiv,PDH-2000,50489.34,2013
Eridon,Kharkiv,FH6851HD,17109.18,2013
Eridon,Kharkiv,CPH-1500,40151.1,2014
Eridon,Kharkiv,CPH-2000,48381.3,2014
Eridon,Kharkiv,PD8070,31929.48,2014
Eridon,Kharkiv,8328DV,37542.12,2014
Eridon,Kharkiv,YP825A,32830.38,2014
Eridon,Kharkiv,YP825A,32830.38,2014
Eridon,Kharkiv,NTA607,76979.76,2014
Eridon,Kharkiv,FH6851HD,17793.6,2014
Eridon,Kharkiv,FH6851HD,17793.6,2014
Eridon,Kharkiv,FH6851HD,17793.6,2014
Albion,Kherson,CPH-2000,40748.32,2008
Albion,Kherson,8544FC,46176.08,2009
Albion,Kherson,8544FC,44663.08,2009
Albion,Kherson,YP2425F,113163.05,2012
Albion,Kherson,YP825A,31534.22,2014
Albion,Kherson,3S-4000F,69277.72,2010
Amaco,Kherson,3S4000HDF,76123.06,2008
Amaco,Kherson,3S4000HDF,88538.78,2008
Amaco,Kherson,CPH-2000,47729.2,2011
Amaco,Kherson,3S-4000F,73810.6,2011
Amaco,Kherson,3S-4000F,88358.47,2014
Agroresurs,Kherson,PD8070,29437.2,2010
Agroresurs,Kherson,CPH-2000,46961.48,2010
Agroresurs,Kherson,3S-4000F,80692.88,2013
Agroresurs,Kherson,YP825A,33160.88,2013
Eridon,Kherson,CPH-2000,47700.9,2012
Eridon,Kherson,CPH-2000,47700.9,2012
Eridon,Kherson,2SF30,51200.16,2014
Albion,Khmelnytskyy,6537FC,37749.52,2009
Albion,Khmelnytskyy,YP2425F,113163.05,2012
Albion,Khmelnytskyy,NTA907,90895.98,2011
Albion,Khmelnytskyy,3S4010HDF,124125.84,2011
Albion,Khmelnytskyy,3S-4000F,74637.48,2010
Albion,Khmelnytskyy,3S-4000F,74637.48,2010
Albion,Khmelnytskyy,NTA3010,108600.28,2008
Albion,Khmelnytskyy,NTA3510,94956.06,2008
Amaco,Khmelnytskyy,3S4000HDF,88538.78,2008
Amaco,Khmelnytskyy,3S4000HDF,88538.78,2008
Amaco,Khmelnytskyy,CPH-2000,47729.2,2011
Amaco,Khmelnytskyy,PD8070,30666.35,2013
Amaco,Khmelnytskyy,PD8070,30707.3,2013
Amaco,Khmelnytskyy,PD8070,30707.3,2013
Amaco,Khmelnytskyy,PD8070,30707.3,2013
Amaco,Khmelnytskyy,PD8070,30707.3,2013
Amaco,Khmelnytskyy,PD8070,30707.3,2013
Amaco,Khmelnytskyy,PD8070,30707.3,2013
Amaco,Khmelnytskyy,PD8070,30707.3,2013
Agroresurs,Khmelnytskyy,PD8070,30304.88,2010
Agroresurs,Khmelnytskyy,3S-3000F,61150.36,2012
Agroresurs,Khmelnytskyy,8548FCC,47351.85,2012
Agroresurs,Khmelnytskyy,YP1630F,88007.4,2013
Agroresurs,Khmelnytskyy,YP1630F,88007.4,2013
Agroresurs,Khmelnytskyy,YP1630F,88330.12,2013
Agroresurs,Khmelnytskyy,YP1630F,88007.4,2013
Agroresurs,Khmelnytskyy,YP1630F,88007.4,2013
Agroresurs,Khmelnytskyy,YP1630F,88007.4,2013
Agroresurs,Khmelnytskyy,YP1630F,88007.4,2013
Agroresurs,Khmelnytskyy,YP1630F,88330.12,2013
Agroresurs,Khmelnytskyy,YP1630F,88007.4,2013
Agroresurs,Khmelnytskyy,YP1630F,88330.12,2013
Agroresurs,Khmelnytskyy,YP1630F,88007.4,2013
Agroresurs,Khmelnytskyy,YP1630F,88330.12,2013
Agroresurs,Khmelnytskyy,YP1630F,88007.4,2013
Agroresurs,Khmelnytskyy,YP1630F,88007.4,2013
Technotorg,Khmelnytskyy,1300F,18454.92,2014
Eridon,Khmelnytskyy,PD8070,30300.8,2011
Eridon,Khmelnytskyy,PDH-2000,50489.34,2013
Eridon,Khmelnytskyy,3S-4000F,81879.54,2013
Eridon,Khmelnytskyy,3S-4000F,82409.58,2015
Albion,Kirovohrad,CPH-2000,40748.32,2008
Albion,Kirovohrad,CPH-2000,40748.32,2008
Albion,Kirovohrad,CPH-2000,47587.15,2011
Albion,Kirovohrad,CPH-2000,40748.32,2008
Albion,Kirovohrad,CPH-2000,40748.32,2008
Albion,Kirovohrad,CPH-2000,40748.32,2008
Albion,Kirovohrad,CPH-2000,40748.32,2008
Albion,Kirovohrad,CPH-2000,40748.32,2008
Albion,Kirovohrad,NTA3510,94956.06,2008
Albion,Kirovohrad,CPH-2000,47587.15,2011
Albion,Kirovohrad,CPH-2000,47587.15,2013
Albion,Kirovohrad,8544FC,35691.16,2008
Albion,Kirovohrad,8544FC,35691.16,2008
Albion,Kirovohrad,8544FC,35691.16,2008
Albion,Kirovohrad,8544FC,46176.08,2009
Albion,Kirovohrad,8544FC,44663.08,2009
Albion,Kirovohrad,8552DV,75994.76,2011
Albion,Kirovohrad,8539FCC,41829.45,2012
Albion,Kirovohrad,CPH-2000,21964,2008
Albion,Kirovohrad,CPH-2000,21964,2008
Albion,Kirovohrad,CPH-2000,48333.72,2010
Albion,Kirovohrad,CPH-2000,48333.72,2010
Albion,Kirovohrad,CPH-2000,47587.15,2012
Albion,Kirovohrad,CPH-2000,47587.15,2012
Albion,Kirovohrad,CPH-2000,46974.85,2012
Albion,Kirovohrad,CPH-2000,47587.15,2013
Albion,Kirovohrad,CPH-2000,47587.15,2013
Albion,Kirovohrad,CPH-2000,49051.49,2014
Albion,Kirovohrad,3S4000HDF,63429.72,2008
Albion,Kirovohrad,CPH-2000,47587.15,2013
Albion,Kirovohrad,YP2425F,113163.05,2012
Albion,Kirovohrad,YP2425F,113163.05,2012
Albion,Kirovohrad,YP2425F,113163.05,2012
Albion,Kirovohrad,PD8070,30768.33,2011
Albion,Kirovohrad,PD8070,30768.33,2011
Albion,Kirovohrad,PD8070,30768.33,2011
Albion,Kirovohrad,PD8070,30768.33,2011
Albion,Kirovohrad,3326DH,32043.7,2012
Albion,Kirovohrad,NTA907,93653.95,2011
Albion,Kirovohrad,YP825A,32914.72,2012
Albion,Kirovohrad,YP825A,32914.72,2012
Albion,Kirovohrad,NTA907,93653.95,2011
Albion,Kirovohrad,NTA907,93653.95,2012
Albion,Kirovohrad,NTA907,93653.95,2012
Albion,Kirovohrad,NTA907,93653.95,2012
Albion,Kirovohrad,YP825A,32475.54,2013
Albion,Kirovohrad,NTA907,93841.15,2012
Albion,Kirovohrad,NTA907,103449.45,2012
Albion,Kirovohrad,NTA907,103215.45,2013
Albion,Kirovohrad,YP825A,33245.4,2013
Albion,Kirovohrad,YP1625A,87439.95,2012
Albion,Kirovohrad,YP825A,31534.22,2014
Albion,Kirovohrad,YP825A,31534.22,2014
Albion,Kirovohrad,YP825A,31534.22,2014
Albion,Kirovohrad,YP825A,31534.22,2014
Albion,Kirovohrad,YP1630F,86093.8,2012
Albion,Kirovohrad,3S-3000F,55758.3,2011
Albion,Kirovohrad,3S-3000F,55758.3,2011
Albion,Kirovohrad,3S-3000F,59189.58,2012
Albion,Kirovohrad,3S-3000F,59189.58,2012
Albion,Kirovohrad,NTA3510,94956.06,2008
Albion,Kirovohrad,3S-4000F,78027.6,2014
Albion,Kirovohrad,3S-4000F,74637.48,2010
Albion,Kirovohrad,3S4000HDF,63429.72,2008
Albion,Kirovohrad,PD8070,29437.2,2008
Amaco,Kirovohrad,PFH-2000,43809.48,2008
Amaco,Kirovohrad,3S-3000F,65023.22,2012
Amaco,Kirovohrad,PD8070,33676.01,2012
Amaco,Kirovohrad,PD8070,33676.01,2012
Amaco,Kirovohrad,PD8070,30707.3,2013
Amaco,Kirovohrad,PFH-2000,55586.58,2014
Amaco,Kirovohrad,PFH-2000,83379.87,2014
Agroresurs,Kirovohrad,CPH-2000,46961.48,2009
Agroresurs,Kirovohrad,PD8070,29437.2,2010
Agroresurs,Kirovohrad,PD8070,29437.2,2010
Agroresurs,Kirovohrad,CPH-2000,46961.48,2010
Agroresurs,Kirovohrad,8544FC,45135.86,2010
Agroresurs,Kirovohrad,3S4000HDF,82987.88,2010
Agroresurs,Kirovohrad,CPH-2000,46961.48,2010
Agroresurs,Kirovohrad,PD8070,30304.88,2010
Agroresurs,Kirovohrad,PD8070,30304.88,2010
Agroresurs,Kirovohrad,PD8070,30304.88,2010
Agroresurs,Kirovohrad,PD8070,30304.88,2010
Agroresurs,Kirovohrad,CPH-1500,38757.96,2010
Agroresurs,Kirovohrad,CPH-2000,48369.76,2010
Agroresurs,Kirovohrad,CPH-2000,48369.76,2010
Agroresurs,Kirovohrad,PD8070,30304.88,2011
Agroresurs,Kirovohrad,PD8070,30304.88,2011
Agroresurs,Kirovohrad,PD8070,30304.88,2011
Agroresurs,Kirovohrad,3S-4000F,76877.4,2011
Agroresurs,Kirovohrad,8537DV,51540.6,2011
Agroresurs,Kirovohrad,NTA907,90896.28,2011
Agroresurs,Kirovohrad,CPH-1500,40169.64,2011
Agroresurs,Kirovohrad,CPH-2000,49783.48,2011
Agroresurs,Kirovohrad,8539FCC,41109.4,2011
Agroresurs,Kirovohrad,PD8070,31432.26,2011
Agroresurs,Kirovohrad,PD8070,31432.26,2011
Agroresurs,Kirovohrad,CPH-2000,46801.26,2011
Agroresurs,Kirovohrad,CPH-2000,46801.26,2011
Agroresurs,Kirovohrad,PD8070,31241.78,2011
Agroresurs,Kirovohrad,CPH-1500,38988.18,2011
Agroresurs,Kirovohrad,CPH-2000,49783.48,2011
Agroresurs,Kirovohrad,CPH-2000,49783.48,2011
Agroresurs,Kirovohrad,3S-4000F,80692.88,2012
Agroresurs,Kirovohrad,CPH-2000,49783.48,2012
Agroresurs,Kirovohrad,CPH-2000,49783.48,2012
Agroresurs,Kirovohrad,8333DV,41363.04,2012
Agroresurs,Kirovohrad,8539FCC,43760.04,2012
Agroresurs,Kirovohrad,8539FCC,43760.04,2012
Agroresurs,Kirovohrad,CPH-2000,49783.48,2012
Agroresurs,Kirovohrad,CPH-2000,49783.48,2012
Agroresurs,Kirovohrad,NTA907,107979.24,2012
Agroresurs,Kirovohrad,PD8070,30830.15,2012
Agroresurs,Kirovohrad,PD8070,30830.15,2012
Agroresurs,Kirovohrad,PD8070,30830.15,2012
Agroresurs,Kirovohrad,YP825A,30592.9,2012
Agroresurs,Kirovohrad,YP825A,30592.9,2012
Agroresurs,Kirovohrad,YP825A,30592.9,2012
Agroresurs,Kirovohrad,YP825A,30592.9,2012
Agroresurs,Kirovohrad,YP825A,30592.9,2012
Agroresurs,Kirovohrad,YP825A,30592.9,2012
Agroresurs,Kirovohrad,CPH-1500,38560.6,2012
Agroresurs,Kirovohrad,CPH-1500,38560.6,2012
Agroresurs,Kirovohrad,CPH-1500,38560.6,2012
Agroresurs,Kirovohrad,8548FCC,47351.85,2012
Agroresurs,Kirovohrad,8548FCC,47351.85,2012
Agroresurs,Kirovohrad,8548FCC,47351.85,2012
Agroresurs,Kirovohrad,PD8070,30830.15,2012
Agroresurs,Kirovohrad,PD8070,30830.15,2012
Agroresurs,Kirovohrad,YP825A,30592.9,2012
Agroresurs,Kirovohrad,YP825A,30592.9,2012
Agroresurs,Kirovohrad,YP825A,32931.04,2013
Agroresurs,Kirovohrad,YP825A,32931.04,2013
Agroresurs,Kirovohrad,YP825A,32931.04,2013
Agroresurs,Kirovohrad,YP825A,32931.04,2013
Agroresurs,Kirovohrad,PFH-2000,48959.36,2013
Agroresurs,Kirovohrad,PFH-2000,49724.35,2013
Agroresurs,Kirovohrad,PFH-2000,50893.26,2013
Agroresurs,Kirovohrad,PFH-2000,50893.26,2013
Agroresurs,Kirovohrad,PFH-2000,50893.26,2013
Agroresurs,Kirovohrad,PFH-2000,50893.26,2013
Agroresurs,Kirovohrad,CPH-1500,40980.88,2013
Agroresurs,Kirovohrad,3S-4000F,79246.2,2013
Agroresurs,Kirovohrad,YP825A,33160.88,2013
Agroresurs,Kirovohrad,YP825A,33160.88,2013
Agroresurs,Kirovohrad,YP825A,33160.88,2013
Agroresurs,Kirovohrad,YP825A,33160.88,2013
Agroresurs,Kirovohrad,YP825A,33160.88,2013
Agroresurs,Kirovohrad,PD8070,32253.08,2013
Agroresurs,Kirovohrad,PD8070,32253.08,2013
Agroresurs,Kirovohrad,PD8070,32253.08,2013
Agroresurs,Kirovohrad,YP825A,33160.88,2013
Agroresurs,Kirovohrad,YP825A,33160.88,2013
Agroresurs,Kirovohrad,YP825A,33160.88,2013
Agroresurs,Kirovohrad,YP1630F,87717.28,2013
Agroresurs,Kirovohrad,CPH-1500,40980.88,2013
Agroresurs,Kirovohrad,8539FCC,44117.72,2013
Agroresurs,Kirovohrad,8539FCC,44117.72,2013
Agroresurs,Kirovohrad,YP1630F,87717.28,2013
Slavutych,Kirovohrad,YP2425,103628.2,2012
GPU,Kirovohrad,3000TM,54389.94,2015
Technotorg,Kirovohrad,PD8070,31929.48,2014
Technotorg,Kirovohrad,YP825A,32830.38,2014
Technotorg,Kirovohrad,YP825A,32830.38,2014
Technotorg,Kirovohrad,CPH-2000,48381.3,2014
Novofarm,Kirovohrad,FH6851HD," 17,793.60 ",2014
Eridon,Kirovohrad,3S-4000F,75259,2010
Eridon,Kirovohrad,YP4025F,95482.2,2010
Eridon,Kirovohrad,PD8070,30300.8,2010
Eridon,Kirovohrad,3S-3000F,59531.28,2011
Eridon,Kirovohrad,8336FCC,30270.88,2011
Eridon,Kirovohrad,PD8070,30300.8,2011
Eridon,Kirovohrad,PD8070,30300.8,2011
Eridon,Kirovohrad,8336FCC,32514.88,2011
Eridon,Kirovohrad,PD8070,26160.28,2011
Eridon,Kirovohrad,PD8070,26160.28,2011
Eridon,Kirovohrad,8544FCC,45738,2011
Eridon,Kirovohrad,PD8070,31241.78,2011
Eridon,Kirovohrad,CPH-2000,46947.12,2011
Eridon,Kirovohrad,PD8070,30857.45,2012
Eridon,Kirovohrad,PD8070,30857.45,2012
Eridon,Kirovohrad,PD8070,30857.45,2012
Eridon,Kirovohrad,PD8070,30857.45,2012
Eridon,Kirovohrad,PD8070,30857.45,2012
Eridon,Kirovohrad,CPH-1500,38560.6,2012
Eridon,Kirovohrad,8336FCC,32511.48,2013
Eridon,Kirovohrad,3S-4000F,80692.88,2013
Eridon,Kirovohrad,YP825A,33416.86,2013
Eridon,Kirovohrad,YP825A,33416.86,2013
Eridon,Kirovohrad,YP1630F,88907.28,2013
Eridon,Kirovohrad,YP825A,32830.38,2014
Eridon,Kirovohrad,CPH-2000,48785.22,2014
Eridon,Kirovohrad,3S-4000F,82409.58,2015
Albion,Kyiv,CPH-2000,40748.32,2008
Albion,Kyiv,CPH-2000,40748.32,2008
Albion,Kyiv,CPH-2000,40748.32,2008
Albion,Kyiv,CPH-2000,40748.32,2008
Albion,Kyiv,CPH-2000,40748.32,2008
Albion,Kyiv,NTA3510,94956.06,2008
Albion,Kyiv,PD8070,29437.2,2008
Albion,Kyiv,TSF-1090,33154.76,2008
Albion,Kyiv,CPH-2000,48040.2,2013
Albion,Kyiv,CPH-1500,39172.9,2012
Albion,Kyiv,8544FC,35691.16,2008
Albion,Kyiv,8544FC,35691.16,2008
Albion,Kyiv,CPH-2000,21964,2008
Albion,Kyiv,CPH-2000,47587.15,2012
Albion,Kyiv,CPH-2000,47587.15,2012
Albion,Kyiv,CPH-2000,47587.15,2012
Albion,Kyiv,CPH-2000,46974.85,2012
Albion,Kyiv,PD8070,29437.2,2008
Albion,Kyiv,3S4000HDF,63429.72,2008
Albion,Kyiv,NTA907,93653.95,2011
Albion,Kyiv,3S4010HDF,123728.8,2013
Albion,Kyiv,3S4010HDF,123728.8,2013
Albion,Kyiv,3S4010HDF,130437.6,2013
Albion,Kyiv,3S4010HDF,130437.6,2013
Albion,Kyiv,3S4010HDF,123728.8,2013
Albion,Kyiv,3S4010HDF,123728.8,2013
Albion,Kyiv,3S4010HDF,123728.8,2013
Albion,Kyiv,3S4010HDF,123728.8,2013
Albion,Kyiv,3S4010HDF,123728.8,2013
Albion,Kyiv,3S4010HDF,123728.8,2013
Albion,Kyiv,3S4010HDF,123728.8,2013
Albion,Kyiv,3S4010HDF,123728.8,2013
Albion,Kyiv,3S4010HDF,123728.8,2013
Albion,Kyiv,YP4025A,185399.28,2015
Albion,Kyiv,NTA907,106391.31,2014
Albion,Kyiv,NTA907,106391.31,2014
Albion,Kyiv,YP825A,31534.22,2014
Albion,Kyiv,YP1630F,86093.8,2012
Albion,Kyiv,YP1630F,86093.8,2012
Albion,Kyiv,YP1630F,86093.8,2012
Albion,Kyiv,YP1630F,87560.2,2014
Albion,Kyiv,3S-3000F,57534.1,2012
Albion,Kyiv,NTA3510,94956.06,2008
Albion,Kyiv,3S-4000F,74637.48,2010
Albion,Kyiv,PD8070,29437.2,2008
Albion,Kyiv,PD8070,29437.2,2008
Amaco,Kyiv,3S4000HDF,76123.06,2008
Amaco,Kyiv,3S4000HDF,88538.78,2008
Amaco,Kyiv,3S4000HDF,88538.78,2008
Amaco,Kyiv,3S3000HDF,66479.38,2008
Amaco,Kyiv,3S3000HDF,66479.38,2008
Amaco,Kyiv,3S3000HDF,66479.38,2008
Amaco,Kyiv,3S-3000F,58448.72,2011
Amaco,Kyiv,CPH-2000,47729.2,2011
Amaco,Kyiv,CPH-2000,47729.2,2011
Amaco,Kyiv,3S-3000F,65023.22,2012
Amaco,Kyiv,3S-3000F,65023.22,2012
Amaco,Kyiv,CPH-2000,51310.99,2012
Amaco,Kyiv,3S-3000F,63826.87,2013
Amaco,Kyiv,PD8070,33676.01,2013
Amaco,Kyiv,2SF30,61512.72,2014
Agroresurs,Kyiv,PD8070,29437.2,2009
Agroresurs,Kyiv,CPH-1500,37628.48,2009
Agroresurs,Kyiv,PD8070,29437.2,2010
Agroresurs,Kyiv,PD8070,31241.78,2011
Agroresurs,Kyiv,YP825A,30592.9,2012
Agroresurs,Kyiv,YP825A,30592.9,2012
Agroresurs,Kyiv,YP825A,30592.9,2012
Slavutych,Kyiv,YP4025F,95390.4,2011
Slavutych,Kyiv,PD8070,30300.8,2011
Slavutych,Kyiv,YP2425,103413.6,2011
Slavutych,Kyiv,YP2425,103628.2,2012
Slavutych,Kyiv,YP2425,103628.2,2012
Slavutych,Kyiv,YP2425,103628.2,2012
Slavutych,Kyiv,YP1630F,87418.32,2012
Slavutych,Kyiv,YP1630F,87418.32,2012
Slavutych,Kyiv,2SF30,55612.44,2013
Slavutych,Kyiv,YP2425,102767.36,2013
Slavutych,Kyiv,YP2425,102767.36,2013
Slavutych,Kyiv,YP2425,132248.26,2015
GPU,Kyiv,PD8070,26839.8,2010
GPU,Kyiv,NTA607,75349.12,2012
GPU,Kyiv,NP1540AA,42378.6,2015
Eridon,Kyiv,PD8070,31241.78,2011
Eridon,Kyiv,3S-4000F,77698.5,2011
Eridon,Kyiv,8336FCC,32440.32,2014
Titan,Luhansk,PD8070,32973.2,2014
Novofarm,Luhansk,PFH-2000," 50,979.06 ",2014
Albion,Luhansk,CPH-2000,40748.32,2008
Albion,Luhansk,CPH-2000,40748.32,2008
Albion,Luhansk,CPH-2000,40748.32,2008
Albion,Luhansk,CPH-2000,47587.15,2013
Albion,Luhansk,NTA3510,94956.06,2008
Albion,Luhansk,CPH-2000,47385.8,2009
Albion,Luhansk,CPH-2000,48333.72,2010
Albion,Luhansk,CPH-2000,47587.15,2011
Albion,Luhansk,TSF-1090,33154.76,2008
Albion,Luhansk,TSF-1090,30700.2,2011
Albion,Luhansk,NTA3510,110610.7,2009
Albion,Luhansk,8544FC,35691.16,2008
Albion,Luhansk,8544FC,35691.16,2008
Albion,Luhansk,8544FC,42557.8,2009
Albion,Luhansk,CPH-2000,21964,2008
Albion,Luhansk,CPH-2000,40748.32,2008
Albion,Luhansk,CPH-2000,48333.72,2010
Albion,Luhansk,CPH-2000,48333.72,2010
Albion,Luhansk,CPH-2000,48333.72,2010
Albion,Luhansk,PD8070,29437.2,2008
Albion,Luhansk,YP2425F,113163.05,2012
Albion,Luhansk,PD8070,30300.8,2010
Albion,Luhansk,PD8070,30768.33,2011
Albion,Luhansk,PD8070,30768.33,2011
Albion,Luhansk,PD8070,30768.33,2011
Albion,Luhansk,PD8070,32982.76,2012
Albion,Luhansk,NTA3510,94956.06,2008
Albion,Luhansk,NTA3510,94956.06,2008
Albion,Luhansk,NTA907,93841.15,2012
Albion,Luhansk,3S-3000F,59189.58,2012
Albion,Luhansk,CPH-2000,42647.4,2009
Albion,Luhansk,PD8070,29437.2,2008
Albion,Luhansk,NTA3510,94956.06,2008
Albion,Luhansk,NTA3510,94956.06,2008
Albion,Luhansk,NTA3510,94956.06,2008
Albion,Luhansk,NTA3510,94956.06,2008
Albion,Luhansk,PD8070,29437.2,2008
Amaco,Luhansk,3S4000HDF,88538.78,2008
Amaco,Luhansk,3S4000HDF,84341.76,2011
Amaco,Luhansk,3S-4000F,79331.52,2011
Amaco,Luhansk,PD8070,33608.53,2012
Amaco,Luhansk,3S-3000F,65023.22,2012
Amaco,Luhansk,3S-4000F,86223.11,2012
Amaco,Luhansk,CPH-2000,51310.99,2012
Amaco,Luhansk,PD8070,33676.01,2012
Amaco,Luhansk,CPH-2000,51310.99,2012
Amaco,Luhansk,PD8070,33676.01,2013
Amaco,Luhansk,YP1630F,91391.88,2013
Amaco,Luhansk,2SF30,58653.81,2013
Agroresurs,Luhansk,PD8070,29437.2,2010
Agroresurs,Luhansk,PD8070,29437.2,2010
Agroresurs,Luhansk,PD8070,29437.2,2010
Agroresurs,Luhansk,8544FCC,42228.68,2010
Agroresurs,Luhansk,8544FCC,42228.68,2010
Agroresurs,Luhansk,8544FCC,42228.68,2010
Agroresurs,Luhansk,CPH-2000,48369.76,2010
Agroresurs,Luhansk,PD8070,30304.88,2011
Agroresurs,Luhansk,CPH-2000,49783.48,2011
Agroresurs,Luhansk,CPH-2000,49783.48,2011
Agroresurs,Luhansk,8544FCC,45738,2011
Agroresurs,Luhansk,8544FCC,45738,2011
Agroresurs,Luhansk,PD8070,31241.78,2011
Agroresurs,Luhansk,PD8070,31241.78,2011
Agroresurs,Luhansk,PD8070,31241.78,2011
Agroresurs,Luhansk,PD8070,31241.78,2011
Agroresurs,Luhansk,PD8070,31432.26,2011
Agroresurs,Luhansk,CPH-2000,49783.48,2012
Agroresurs,Luhansk,CPH-2000,49783.48,2012
Agroresurs,Luhansk,CPH-2000,49783.48,2012
Agroresurs,Luhansk,PD8070,30830.15,2012
Agroresurs,Luhansk,PD8070,30830.15,2012
Agroresurs,Luhansk,PD8070,30830.15,2012
Agroresurs,Luhansk,PD8070,30830.15,2012
Agroresurs,Luhansk,PD8070,30830.15,2012
Agroresurs,Luhansk,PD8070,30830.15,2012
Agroresurs,Luhansk,PD8070,30830.15,2012
Agroresurs,Luhansk,8539FCC,41829.45,2012
Agroresurs,Luhansk,PD8070,30830.15,2012
Agroresurs,Luhansk,PD8070,30830.15,2012
Agroresurs,Luhansk,PD8070,30830.15,2012
Agroresurs,Luhansk,PD8070,30830.15,2012
Agroresurs,Luhansk,PD8070,30830.15,2012
Agroresurs,Luhansk,PD8070,30830.15,2012
Agroresurs,Luhansk,PD8070,30830.15,2012
Agroresurs,Luhansk,YP1630F,83577,2013
Agroresurs,Luhansk,PFH-2000,49724.35,2013
Agroresurs,Luhansk,PD8070,32253.08,2013
Eridon,Luhansk,PD8070,32195.96,2012
Eridon,Luhansk,PD8070,30857.45,2012
Eridon,Luhansk,YP825A,31063.56,2013
Albion,Lviv,CPH-2000,47587.15,2013
Amaco,Lviv,CPH-2000,47729.2,2011
Agroresurs,Lviv,PD8070,30304.88,2011
Eridon,Lviv,YP825A,32830.38,2014
Albion,Mykolaiv,CPH-2000,40748.32,2008
Albion,Mykolaiv,CPH-2000,40748.32,2008
Albion,Mykolaiv,CPH-2000,40748.32,2008
Albion,Mykolaiv,CPH-2000,40748.32,2008
Albion,Mykolaiv,CPH-2000,40748.32,2008
Albion,Mykolaiv,TSF-1090,33154.76,2008
Albion,Mykolaiv,CPH-2000,21964,2008
Albion,Mykolaiv,CPH-2000,48333.72,2010
Albion,Mykolaiv,CPH-2000,48333.72,2010
Albion,Mykolaiv,CPH-2000,47824.4,2010
Albion,Mykolaiv,CPH-2000,46974.85,2012
Albion,Mykolaiv,CPH-2000,46974.85,2012
Albion,Mykolaiv,CPH-2000,46974.85,2012
Albion,Mykolaiv,NTA3510,94956.06,2008
Albion,Mykolaiv,NTA3510,94956.06,2008
Albion,Mykolaiv,NTA907,90895.98,2011
Albion,Mykolaiv,NTA907,90895.98,2011
Albion,Mykolaiv,NTA907,98628.7,2011
Albion,Mykolaiv,NTA907,93653.95,2012
Albion,Mykolaiv,NTA907,93653.95,2012
Albion,Mykolaiv,3S-4000F,69277.72,2010
Albion,Mykolaiv,NTA3510,110610.7,2009
Albion,Mykolaiv,3S-4000F,76521.25,2011
Albion,Mykolaiv,NTA3510,94956.06,2008
Albion,Mykolaiv,NTA3510,94956.06,2008
Albion,Mykolaiv,NTA3510,94956.06,2008
Amaco,Mykolaiv,3S4000HDF,76123.06,2008
Amaco,Mykolaiv,CPH-2000,49142.92,2011
Amaco,Mykolaiv,PFH-2000,83379.87,2014
Agroresurs,Mykolaiv,3S-4000F,76877.4,2011
Agroresurs,Mykolaiv,CPH-2000,49783.48,2011
Agroresurs,Mykolaiv,8544FCC,44325.8,2011
Agroresurs,Mykolaiv,8544FCC,44325.8,2011
Agroresurs,Mykolaiv,CPH-2000,49783.48,2011
Agroresurs,Mykolaiv,PD8070,31241.78,2011
Agroresurs,Mykolaiv,CPH-2000,49783.48,2012
Agroresurs,Mykolaiv,3S-3000F,59753.1,2013
Agroresurs,Mykolaiv,PFH-2000,50893.26,2013
Agroresurs,Mykolaiv,3S-4000F,79246.2,2013
Agroresurs,Mykolaiv,PFH-2000,50893.26,2013
Agroresurs,Mykolaiv,PFH-2000,50893.26,2013
Agroresurs,Mykolaiv,PFH-2000,50893.26,2013
Agroresurs,Mykolaiv,YP825A,33160.88,2013
GPU,Mykolaiv,NTA607,69720.32,2014
GPU,Mykolaiv,3000TM,54389.94,2015
GPU,Mykolaiv,3000TM,54389.94,2015
Technotorg,Mykolaiv,PD8070,31929.48,2014
Technotorg,Mykolaiv,PD8070,31929.48,2014
Technotorg,Mykolaiv,PD8070,31929.48,2014
Technotorg,Mykolaiv,PD8070,31929.48,2014
Technotorg,Mykolaiv,PD8070,31929.48,2014
Technotorg,Mykolaiv,NTA907,107887.56,2014
Technotorg,Mykolaiv,NTA907,107887.56,2014
Technotorg,Mykolaiv,NTA907,107887.56,2014
Eridon,Mykolaiv,3S-4000F,75259,2010
Eridon,Mykolaiv,CPH-1500,40515.08,2011
Eridon,Mykolaiv,CPH-2000,48369.76,2011
Eridon,Mykolaiv,CPH-2000,48369.76,2011
Eridon,Mykolaiv,CPH-2000,48369.76,2011
Eridon,Mykolaiv,PD8070,31241.78,2011
Eridon,Mykolaiv,PD8070,31241.78,2011
Eridon,Mykolaiv,CPH-2000,46947.12,2011
Eridon,Mykolaiv,8336FCC,32208.88,2012
Eridon,Mykolaiv,PD8070,30857.45,2012
Eridon,Mykolaiv,CPH-1500,38560.6,2012
Eridon,Mykolaiv,CPH-2000,47700.9,2012
Eridon,Mykolaiv,YP825A,32185.56,2013
Eridon,Mykolaiv,YP825A,32185.56,2013
Eridon,Mykolaiv,YP825A,32185.56,2013
Eridon,Mykolaiv,8336FCC,32989.59,2013
Eridon,Mykolaiv,1625AHD,92164.59,2014
Eridon,Mykolaiv,CPH-2000,48785.22,2015
Eridon,Mykolaiv,8336FCC,33227.04,2015
Albion,Odesa,CPH-2000,40748.32,2008
Albion,Odesa,CPH-2000,40748.32,2008
Albion,Odesa,CPH-2000,40748.32,2008
Albion,Odesa,CPH-2000,40748.32,2008
Albion,Odesa,NTA3510,110610.7,2009
Albion,Odesa,TSF-1090,33154.76,2008
Albion,Odesa,NTA3510,94956.06,2008
Albion,Odesa,8544FC,35691.16,2008
Albion,Odesa,8544FC,42557.8,2009
Albion,Odesa,8544FCC,45111.95,2012
Albion,Odesa,CPH-2000,21964,2008
Albion,Odesa,CPH-2000,47587.15,2012
Albion,Odesa,NTA3510,94956.06,2008
Albion,Odesa,PD8070,30768.33,2011
Albion,Odesa,PD8070,30768.33,2011
Albion,Odesa,PD8070,30830.15,2012
Albion,Odesa,3329DH,33544.4,2010
Albion,Odesa,3329DH,35007.7,2012
Albion,Odesa,3326DH,32043.7,2013
Albion,Odesa,NTA907,90895.98,2011
Albion,Odesa,NTA907,93653.95,2011
Albion,Odesa,NTA907,93653.95,2012
Albion,Odesa,YP825A,30592.9,2012
Albion,Odesa,NTA907,103215.45,2013
Albion,Odesa,NTA907,93653.95,2013
Albion,Odesa,NTA907,93653.95,2013
Albion,Odesa,YP1630F,90254.36,2014
Albion,Odesa,3000TM,47456.64,2014
Albion,Odesa,3S-3000F,57534.1,2013
Albion,Odesa,NTA3510,94956.06,2008
Albion,Odesa,NTA3510,115715.8,2008
Albion,Odesa,3S-4000F,76521.25,2011
Albion,Odesa,3S-4000F,76521.25,2011
Albion,Odesa,NTA3510,94956.06,2008
Albion,Odesa,NTA3510,94956.06,2008
Albion,Odesa,NTA3510,94956.06,2008
Albion,Odesa,NTA3510,122401.59,2011
Amaco,Odesa,3S4000HDF,88538.78,2008
Amaco,Odesa,3S-4000F,71996.36,2011
Amaco,Odesa,CPH-2000,47729.2,2011
Amaco,Odesa,NTA3510,133700.2,2012
Agroresurs,Odesa,PD8070,30304.88,2010
Agroresurs,Odesa,8539FCC,41109.4,2011
Agroresurs,Odesa,PD8070,31432.26,2011
Agroresurs,Odesa,PD8070,31432.26,2011
Agroresurs,Odesa,8539FCC,42472.98,2011
Agroresurs,Odesa,CPH-2000,49783.48,2012
Agroresurs,Odesa,8544FCC,47194.04,2012
Agroresurs,Odesa,PD8070,30830.15,2012
Agroresurs,Odesa,YP825A,33160.88,2013
Technotorg,Odesa,PD8070,31929.48,2014
Eridon,Odesa,8336FCC,32514.88,2011
Eridon,Odesa,CPH-2000,46947.12,2011
Eridon,Odesa,CPH-2000,46947.12,2011
Eridon,Odesa,CPH-2000,46947.12,2011
Eridon,Odesa,8336FCC,33629.86,2012
Eridon,Odesa,YP1630F,86093.8,2013
Eridon,Odesa,3S-4000F,81879.54,2013
Eridon,Odesa,PD8070,31929.48,2014
Eridon,Odesa,PD8070,31929.48,2014
Albion,Poltava,3S-4000F,73479.44,2009
Albion,Poltava,TSF-1090,33154.76,2008
Albion,Poltava,8544FC,35691.16,2008
Albion,Poltava,8544FC,35691.16,2008
Albion,Poltava,8544FCC,45111.95,2012
Albion,Poltava,8544FCC,45111.95,2012
Albion,Poltava,CPH-2000,49783.48,2011
Albion,Poltava,3S-4000F,73479.44,2009
Albion,Poltava,3S4000HDF,63429.72,2008
Albion,Poltava,3S4010HDF,159488.7,2010
Albion,Poltava,YP2425F,113163.05,2012
Albion,Poltava,PD8070,30768.33,2011
Albion,Poltava,PD8070,30830.15,2012
Albion,Poltava,PD8070,30830.15,2012
Albion,Poltava,PD8070,32982.76,2012
Albion,Poltava,NTA907,98628.7,2011
Albion,Poltava,NTA907,103215.45,2011
Albion,Poltava,YP4025F,95482.2,2010
Albion,Poltava,YP825A,30592.9,2012
Albion,Poltava,YP4025F,93616.15,2011
Albion,Poltava,YP825A,30592.9,2012
Albion,Poltava,NTA907,93653.95,2013
Albion,Poltava,YP825A,31534.22,2014
Albion,Poltava,YP825A,31534.22,2014
Albion,Poltava,YP1630F,90254.36,2013
Albion,Poltava,YP1630F,90254.36,2013
Albion,Poltava,3S-3000F,55758.3,2011
Albion,Poltava,3S-4000HD,91500,2010
Albion,Poltava,3S-4000HD,91500,2010
Albion,Poltava,3S-4000HD,91500,2010
Albion,Poltava,3S-4000HD,91500,2010
Albion,Poltava,3S-4000HD,91500,2010
Albion,Poltava,3S-4000HD,91500,2010
Albion,Poltava,3S-4000HD,91500,2010
Albion,Poltava,3S-4000HD,91500,2010
Albion,Poltava,3S-4000HD,91500,2010
Albion,Poltava,3S-4000HD,91500,2010
Albion,Poltava,3S-4000HD,91500,2010
Albion,Poltava,3S-4000HD,91500,2010
Albion,Poltava,3S-4000HD,91500,2010
Albion,Poltava,NTA3510,94956.06,2008
Albion,Poltava,3S-4000F,76877.4,2011
Albion,Poltava,3S-4000F,76877.4,2011
Albion,Poltava,PD8070,29437.2,2008
Albion,Poltava,NTA3510,94956.06,2008
Albion,Poltava,3S-4000F,73479.44,2009
Albion,Poltava,NTA3510,94956.06,2008
Albion,Poltava,NTA3510,94956.06,2008
Albion,Poltava,3S4010HDF,159488.7,2010
Albion,Poltava,NTA3510,122401.59,2011
Amaco,Poltava,3S4000HDF,88538.78,2008
Amaco,Poltava,3S4000HDF,88538.78,2008
Amaco,Poltava,3S4000HDF,88538.78,2008
Amaco,Poltava,3S3000HDF,66479.38,2008
Amaco,Poltava,YP4025F,87229.04,2009
Amaco,Poltava,CPH-2000,47729.2,2011
Amaco,Poltava,PD8070,33608.53,2012
Amaco,Poltava,YP1630F,91391.88,2013
Amaco,Poltava,PD8070,30707.3,2013
Amaco,Poltava,PD8070,30707.3,2013
Amaco,Poltava,PD8070,30707.3,2013
Amaco,Poltava,PD8070,30707.3,2013
Amaco,Poltava,PD8070,30666.35,2013
Amaco,Poltava,PD8070,30707.3,2013
Amaco,Poltava,PD8070,30707.3,2013
Amaco,Poltava,PD8070,30707.3,2013
Amaco,Poltava,PD8070,30707.3,2013
Amaco,Poltava,PD8070,30707.3,2013
Amaco,Poltava,PD8070,30707.3,2013
Amaco,Poltava,PD8070,30707.3,2013
Amaco,Poltava,PD8070,30707.3,2013
Amaco,Poltava,PFH-2000,52871.57,2013
Amaco,Poltava,3S-4000F,88358.47,2014
Agroresurs,Poltava,CPH-2000,46961.48,2009
Agroresurs,Poltava,PD8070,29437.2,2010
Agroresurs,Poltava,PD8070,29437.2,2010
Agroresurs,Poltava,PD8070,30304.88,2010
Agroresurs,Poltava,PD8070,30304.88,2010
Agroresurs,Poltava,PD8070,30304.88,2010
Agroresurs,Poltava,PD8070,30304.88,2010
Agroresurs,Poltava,PD8070,30304.88,2010
Agroresurs,Poltava,PD8070,30304.88,2011
Agroresurs,Poltava,PD8070,30304.88,2011
Agroresurs,Poltava,3S4000HDF,83701.88,2011
Agroresurs,Poltava,YP4025F,95056.46,2011
Agroresurs,Poltava,PD8070,31241.78,2011
Agroresurs,Poltava,PD8070,31432.26,2011
Agroresurs,Poltava,PD8070,31432.26,2011
Agroresurs,Poltava,PD8070,31432.26,2011
Agroresurs,Poltava,PD8070,31432.26,2011
Agroresurs,Poltava,PD8070,31432.26,2011
Agroresurs,Poltava,PD8070,31432.26,2011
Agroresurs,Poltava,PD8070,31432.26,2011
Agroresurs,Poltava,2S-2600,41237.7,2012
Agroresurs,Poltava,PD8070,30830.15,2012
Agroresurs,Poltava,PD8070,30830.15,2012
Agroresurs,Poltava,YP825A,30592.9,2012
Agroresurs,Poltava,YP825A,30592.9,2012
Agroresurs,Poltava,YP825A,30592.9,2012
Agroresurs,Poltava,YP1630F,88007.4,2013
Agroresurs,Poltava,YP1630F,88007.4,2013
Agroresurs,Poltava,YP1630F,88007.4,2013
Agroresurs,Poltava,YP825A,33160.88,2013
Agroresurs,Poltava,YP825A,33160.88,2013
Agroresurs,Poltava,1006NT,26247.32,2013
GPU,Poltava,SD3000,54967.68,2015
Technotorg,Poltava,YP1630F,90681.36,2014
Technotorg,Poltava,1625AHD-32TR70,131294.46,2014
Novofarm,Poltava,PFH-2000," 50,979.06 ",2014
Novofarm,Poltava,FH6851HD," 17,793.60 ",2014
Novofarm,Poltava,FH6851HD," 17,793.60 ",2014
Eridon,Poltava,PD8070,30300.8,2010
Eridon,Poltava,8328DV,34618.12,2011
Eridon,Poltava,CPH-2000,50549.16,2011
Eridon,Poltava,8328DV,36441.9,2011
Eridon,Poltava,CPH-2000,50503.72,2012
Eridon,Poltava,PD8070,32195.96,2012
Eridon,Poltava,3S-3000F,58145.75,2012
Eridon,Poltava,8336FCC,30733.95,2012
Eridon,Poltava,PD8070,30857.45,2012
Eridon,Poltava,PD8070,30857.45,2012
Eridon,Poltava,8544FCC,45045,2012
Eridon,Poltava,8544FCC,45045,2012
Eridon,Poltava,8544FCC,45045,2012
Eridon,Poltava,YP1630F,86093.8,2012
Eridon,Poltava,YP1630F,90067.36,2013
Eridon,Poltava,YP1630F,86093.8,2013
Eridon,Poltava,YP825A,33416.86,2013
Eridon,Poltava,YP825A,33416.86,2013
Eridon,Poltava,YP1630F,95642.68,2013
Eridon,Poltava,TC5109,23916.2,2013
Eridon,Poltava,YP825A,32185.56,2013
Eridon,Poltava,YP825A,32185.56,2013
Eridon,Poltava,YP825A,31063.56,2013
Eridon,Poltava,YP825A,32185.56,2013
Eridon,Poltava,PDH-2000,50489.34,2013
Eridon,Poltava,YP825A,32830.38,2014
Eridon,Poltava,3S-4000F,80812.38,2014
Eridon,Poltava,YP825A,32830.38,2014
Eridon,Poltava,8336FCC,32440.32,2014
Eridon,Poltava,PD8070,31929.48,2014
Eridon,Poltava,CPH-2000,48785.22,2014
Albion,Rivne,8544FCC,45518.85,2013
Albion,Rivne,NTA907,93841.15,2012
Amaco,Rivne,PD8070,33676.01,2012
Amaco,Rivne,NTA907,102298.93,2012
Amaco,Rivne,PFH-2000,52871.57,2013
Agroresurs,Rivne,PD8070,30304.88,2010
Agroresurs,Rivne,PD8070,30304.88,2010
Agroresurs,Rivne,PD8070,30304.88,2010
Technotorg,Rivne,YP825A,32830.38,2014
Eridon,Rivne,8328DV,35708.4,2012
Eridon,Rivne,CPH-2000,48785.22,2014
Albion,Sumy,3S4000HDF,63429.72,2008
Albion,Sumy,CPH-2000,47587.15,2013
Albion,Sumy,8544FC,35691.16,2008
Albion,Sumy,CPH-2000,47587.15,2011
Albion,Sumy,CPH-2000,46974.85,2012
Albion,Sumy,YP2425F,113163.05,2012
Albion,Sumy,YP2425F,113163.05,2012
Albion,Sumy,YP2425F,113163.05,2012
Albion,Sumy,YP2425F,113163.05,2012
Albion,Sumy,YP2425F,113163.05,2012
Albion,Sumy,YP2425F,113163.05,2012
Albion,Sumy,PD8070,30830.15,2012
Albion,Sumy,PD8070,23435.93,2014
Albion,Sumy,PD8070,23234.93,2014
Albion,Sumy,PD8070,23234.93,2014
Albion,Sumy,PD8070,30830.15,2014
Albion,Sumy,NTA907,90895.98,2011
Albion,Sumy,NTA907,103215.45,2012
Albion,Sumy,YP825A,30592.9,2012
Albion,Sumy,NTA907,103215.45,2013
Albion,Sumy,NTA907,103215.45,2013
Albion,Sumy,YP825A,30592.9,2012
Albion,Sumy,YP1630F,90254.36,2013
Albion,Sumy,YP1630F,90254.36,2013
Albion,Sumy,YP1630F,90254.36,2013
Albion,Sumy,YP1630F,90254.36,2013
Albion,Sumy,YP1630F,90254.36,2013
Albion,Sumy,YP1630F,90254.36,2014
Albion,Sumy,PD8070,29437.2,2008
Albion,Sumy,NTA3510,94956.06,2008
Albion,Sumy,YP4025F,86139.7,2010
Albion,Sumy,NTA3510,94956.06,2008
Albion,Sumy,CPH-2000,47587.15,2013
Albion,Sumy,3S4000HDF,63429.72,2008
Albion,Sumy,3S4000HDF,63429.72,2008
Albion,Sumy,CPH-2000,42647.4,2009
Amaco,Sumy,NTA907,90895.98,2011
Amaco,Sumy,NTA907,102298.93,2012
Amaco,Sumy,PD8070,33676.01,2012
Amaco,Sumy,3S-3000F,66608.12,2014
Agroresurs,Sumy,3S4000HDF,82987.88,2010
Agroresurs,Sumy,PD8070,30304.88,2010
Agroresurs,Sumy,PD8070,30304.88,2010
Agroresurs,Sumy,PD8070,30304.88,2010
Agroresurs,Sumy,PD8070,30304.88,2010
Agroresurs,Sumy,PD8070,36194.68,2011
Agroresurs,Sumy,YP1630F,83577,2013
Agroresurs,Sumy,YP1630F,84769.28,2013
Agroresurs,Sumy,YP825A,33160.88,2013
Agroresurs,Sumy,YP825A,33160.88,2013
Agroresurs,Sumy,YP825A,33160.88,2013
Agroresurs,Sumy,YP825A,33160.88,2013
Agroresurs,Sumy,YP825A,33160.88,2013
Agroresurs,Sumy,YP1630F,87717.28,2013
Slavutych,Sumy,YP4025F,95390.4,2010
Slavutych,Sumy,YP4025F,95390.4,2011
Slavutych,Sumy,YP4025F,95390.4,2011
Slavutych,Sumy,YP2425,96865.2,2011
Slavutych,Sumy,YP2425,149636.04,2012
Slavutych,Sumy,YP2425,149636.04,2012
Slavutych,Sumy,YP2425,154066.24,2013
Slavutych,Sumy,YP2425,155865.52,2013
Slavutych,Sumy,YP2425,155865.52,2013
GPU,Sumy,3000TM,49672.35,2013
Titan,Sumy,PD8070,32973.2,2014
Titan,Sumy,PD8070,32973.2,2014
Technotorg,Sumy,PD8070,31929.48,2014
Technotorg,Sumy,3S-3000F,60300.24,2014
Technotorg,Sumy,3S-4000F,82633.6,2014
Eridon,Sumy,PD8070,26160.28,2011
Eridon,Sumy,PD8070,26160.28,2011
Eridon,Sumy,PD8070,31241.78,2011
Eridon,Sumy,PD8070,31241.78,2011
Eridon,Sumy,CPH-2000,50503.72,2012
Eridon,Sumy,3S-3000F,60189.52,2012
Eridon,Sumy,PD8070,32195.96,2012
Eridon,Sumy,PD8070,30857.45,2012
Eridon,Sumy,PD8070,30857.45,2012
Eridon,Sumy,PD8070,30857.45,2012
Eridon,Sumy,PD8070,30857.45,2012
Eridon,Sumy,PD8070,30857.45,2012
Eridon,Sumy,PD8070,30857.45,2012
Eridon,Sumy,PD8070,30857.45,2012
Eridon,Sumy,YP1630F,88907.28,2013
Eridon,Sumy,PD8070,32727.39,2013
Eridon,Sumy,PD8070,31929.48,2014
Eridon,Sumy,YP825A,32830.38,2014
Eridon,Sumy,PD8070,31929.48,2014
Eridon,Sumy,FH6851HD,17793.6,2014
Albion,Ternopil,NTA3010,108600.28,2008
Albion,Ternopil,3S4000HDF,69089.36,2008
Amaco,Ternopil,2SF30,53974.32,2011
Amaco,Ternopil,CPH-2000,47729.2,2011
Amaco,Ternopil,2SF30,56355.54,2012
Amaco,Ternopil,3S-3000F,66608.12,2014
Agroresurs,Ternopil,PD8070,30304.88,2010
Agroresurs,Ternopil,PD8070,30304.88,2010
Agroresurs,Ternopil,PD8070,30304.88,2010
Agroresurs,Ternopil,PFH-2000,50893.26,2013
GPU,Ternopil,CTA4000HD,112074.81,2009
GPU,Ternopil,3500TM,66650.54,2015
GPU,Ternopil,3000TM,54531.18,2015
GPU,Ternopil,3000TM,54531.18,2015
GPU,Ternopil,3000TM,54531.18,2015
GPU,Ternopil,3000TM,54531.18,2015
GPU,Ternopil,3000TM,54531.18,2015
GPU,Ternopil,3500TM,62098.08,2015
GPU,Ternopil,3500TM,62098.08,2015
Technotorg,Ternopil,1300F,18454.92,2014
Technotorg,Ternopil,3S-4000F,80178.78,2014
Technotorg,Ternopil,CPH- 2000,48381.3,2014
Eridon,Ternopil,3S-3000F,60829.4,2013
Eridon,Ternopil,3S-4000F,80812.38,2014
Albion,Vinnytsya,CPH-2000,40748.32,2008
Albion,Vinnytsya,3S-4000F,69277.72,2010
Albion,Vinnytsya,CPH-2000,48333.72,2010
Albion,Vinnytsya,CPH-2000,47587.15,2012
Albion,Vinnytsya,CPH-2000,50515.59,2012
Albion,Vinnytsya,NTA3510,94956.06,2008
Albion,Vinnytsya,PD8070,30300.8,2010
Albion,Vinnytsya,NTA3510,94956.06,2008
Albion,Vinnytsya,NTA907,90895.98,2011
Albion,Vinnytsya,YP4025F,95482.2,2010
Albion,Vinnytsya,YP4025A,156498.54,2014
Albion,Vinnytsya,NTA907,103215.45,2013
Albion,Vinnytsya,1625AHD-32TR70,140559.4,2015
Albion,Vinnytsya,PD8070,29437.2,2008
Albion,Vinnytsya,NTA3510,94956.06,2008
Albion,Vinnytsya,PD8070,29437.2,2008
Amaco,Vinnytsya,3S4000HDF,88538.78,2008
Amaco,Vinnytsya,CPH-2000,49142.92,2011
Amaco,Vinnytsya,CPH-2000,49142.92,2011
Amaco,Vinnytsya,CPH-2000,49142.92,2011
Amaco,Vinnytsya,PD8070,33608.53,2012
Amaco,Vinnytsya,PD8070,33608.53,2012
Amaco,Vinnytsya,CPH-2000,51310.99,2012
Amaco,Vinnytsya,CPH-2000,52756.37,2012
Amaco,Vinnytsya,PD8070,33676.01,2012
Amaco,Vinnytsya,YP1630F,91391.88,2013
Amaco,Vinnytsya,2SF30,58653.81,2013
Amaco,Vinnytsya,2SF30,61512.72,2014
Amaco,Vinnytsya,YP1630F,100299.08,2014
Agroresurs,Vinnytsya,3S3000HDF,54981.6,2010
Agroresurs,Vinnytsya,3S4000HDF,82987.88,2010
Agroresurs,Vinnytsya,3S4000HDF,82987.88,2010
Agroresurs,Vinnytsya,PD8070,30304.88,2010
Agroresurs,Vinnytsya,PD8070,30304.88,2010
Agroresurs,Vinnytsya,PD8070,30304.88,2010
Agroresurs,Vinnytsya,PD8070,30304.88,2010
Agroresurs,Vinnytsya,PD8070,31432.26,2011
Agroresurs,Vinnytsya,PD8070,31432.26,2011
Agroresurs,Vinnytsya,PD8070,31241.78,2011
Agroresurs,Vinnytsya,YP1630F,83577,2013
Agroresurs,Vinnytsya,YP825A,33160.88,2013
Agroresurs,Vinnytsya,PD8070,32253.08,2013
Agroresurs,Vinnytsya,PD8070,32253.08,2013
Agroresurs,Vinnytsya,YP825A,33160.88,2013
Novofarm,Vinnytsya,PFH-2000," 50,979.06 ",2014
Eridon,Vinnytsya,YP4025F,95482.2,2010
Eridon,Vinnytsya,YP4025F,95482.2,2010
Eridon,Vinnytsya,CPH-1500,38757.96,2010
Eridon,Vinnytsya,CPH-1500,38757.96,2010
Eridon,Vinnytsya,3S-3000F,58448.72,2011
Eridon,Vinnytsya,8328DV,36441.9,2011
Eridon,Vinnytsya,PD8070,31241.78,2011
Eridon,Vinnytsya,CPH-2000,46947.12,2011
Eridon,Vinnytsya,PD8070,32195.96,2012
Eridon,Vinnytsya,PD8070,30857.45,2012
Eridon,Vinnytsya,PD8070,30857.45,2012
Eridon,Vinnytsya,PD8070,30857.45,2012
Eridon,Vinnytsya,CPH-1500,38560.6,2012
Eridon,Vinnytsya,YP1630F,90067.36,2013
Eridon,Vinnytsya,YP1630F,90067.36,2013
Eridon,Vinnytsya,YP1630F,90067.36,2013
Eridon,Vinnytsya,PFH-2000,52019.32,2013
Eridon,Vinnytsya,2SF30,47121.28,2013
Eridon,Vinnytsya,3S-4000F,80692.88,2013
Eridon,Vinnytsya,YP825A,32185.56,2013
Eridon,Vinnytsya,PD8070,32727.39,2013
Eridon,Vinnytsya,PD8070,32727.39,2013
Eridon,Vinnytsya,2SF30,45735.36,2013
Eridon,Vinnytsya,2SF30,45735.36,2013
Eridon,Vinnytsya,CPH-1500,40151.1,2014
Eridon,Vinnytsya,PD8070,31929.48,2014
Albion,Volyn,CPH-2000,47587.15,2012
Amaco,Volyn,CPH-2000,47729.2,2011
Amaco,Volyn,PD8070,33608.53,2012
Amaco,Volyn,CPH-2000,51310.99,2012
Amaco,Volyn,PFH-2000,52871.57,2013
Agroresurs,Volyn,PD8070,30304.88,2010
Agroresurs,Volyn,PD8070,30304.88,2010
GPU,Volyn,NTA607,62034.1,2010
Albion,Zaporizhzhya,CPH-2000,40748.32,2008
Albion,Zaporizhzhya,CPH-2000,40748.32,2008
Albion,Zaporizhzhya,CPH-2000,40748.32,2008
Albion,Zaporizhzhya,CPH-2000,40748.32,2008
Albion,Zaporizhzhya,CPH-2000,47385.8,2009
Albion,Zaporizhzhya,CPH-2000,47587.15,2011
Albion,Zaporizhzhya,CPH-2000,47587.15,2012
Albion,Zaporizhzhya,3S-4000F,74637.48,2010
Albion,Zaporizhzhya,CPH-2000,47587.15,2013
Albion,Zaporizhzhya,CPH-1500,40810.2,2011
Albion,Zaporizhzhya,TSF-1090,34793.56,2011
Albion,Zaporizhzhya,8544FC,35691.16,2008
Albion,Zaporizhzhya,8544FC,40485.84,2010
Albion,Zaporizhzhya,8544FC,40485.84,2010
Albion,Zaporizhzhya,8544FCF,46165.2,2011
Albion,Zaporizhzhya,8539FCC,39004.55,2011
Albion,Zaporizhzhya,8544FCC,45111.95,2012
Albion,Zaporizhzhya,8544FCC,45518.85,2013
Albion,Zaporizhzhya,8544FCC,45518.85,2013
Albion,Zaporizhzhya,8544FCC,45518.85,2013
Albion,Zaporizhzhya,CPH-2000,48333.72,2010
Albion,Zaporizhzhya,CPH-2000,48333.72,2010
Albion,Zaporizhzhya,CPH-2000,48333.72,2010
Albion,Zaporizhzhya,CPH-2000,49783.48,2011
Albion,Zaporizhzhya,CPH-2000,49783.48,2011
Albion,Zaporizhzhya,CPH-2000,47587.15,2012
Albion,Zaporizhzhya,CPH-2000,46974.85,2012
Albion,Zaporizhzhya,CPH-2000,46974.85,2012
Albion,Zaporizhzhya,CPH-2000,47587.15,2013
Albion,Zaporizhzhya,PD8070,29437.2,2008
Albion,Zaporizhzhya,NTA3010,108600.28,2008
Albion,Zaporizhzhya,PD8070,30768.33,2011
Albion,Zaporizhzhya,PD8070,30768.33,2011
Albion,Zaporizhzhya,PD8070,29437.2,2008
Albion,Zaporizhzhya,NTA907,93653.95,2011
Albion,Zaporizhzhya,NTA907,103215.45,2012
Albion,Zaporizhzhya,NTA907,103215.45,2013
Albion,Zaporizhzhya,NTA907,106391.31,2014
Albion,Zaporizhzhya,3S-3000F,56645.36,2011
Albion,Zaporizhzhya,PD8070,29437.2,2008
Albion,Zaporizhzhya,PD8070,29437.2,2008
Albion,Zaporizhzhya,PD8070,29437.2,2008
Amaco,Zaporizhzhya,NTA3510,132522.38,2008
Amaco,Zaporizhzhya,NTA907,102298.93,2012
Agroresurs,Zaporizhzhya,PD8070,29437.2,2009
Agroresurs,Zaporizhzhya,PD8070,29437.2,2009
Agroresurs,Zaporizhzhya,PD8070,29437.2,2010
Agroresurs,Zaporizhzhya,PD8070,31432.26,2011
Agroresurs,Zaporizhzhya,3S-4000F,80692.88,2012
Agroresurs,Zaporizhzhya,8539FCC,41829.45,2012
Agroresurs,Zaporizhzhya,PFH-2000,50893.26,2013
Agroresurs,Zaporizhzhya,PFH-2000,50893.26,2013
GPU,Zaporizhzhya,YP4025,86253.16,2010
GPU,Zaporizhzhya,NTA907,83201.52,2010
GPU,Zaporizhzhya,CTA4000,100748.34,2010
GPU,Zaporizhzhya,3S-5000F,84670.3,2013
Eridon,Zaporizhzhya,PD8070,30300.8,2010
Eridon,Zaporizhzhya,8336FCC,32514.88,2011
Eridon,Zaporizhzhya,8336FCC,30733.95,2012
Albion,Zhytomyr,6537FC,36407.2,2010
Albion,Zhytomyr,CPH-2000,42647.4,2009
Albion,Zhytomyr,NTA90,90276.12,2011
Albion,Zhytomyr,3S4000HDF,63429.72,2008
Albion,Zhytomyr,CPH-2000,42647.4,2009
Albion,Zhytomyr,CPH-2000,42647.4,2009
Amaco,Zhytomyr,3S-4000F,71996.36,2011
Amaco,Zhytomyr,CPH-2000,47729.2,2011
Amaco,Zhytomyr,PD8070,33608.53,2012
Amaco,Zhytomyr,PD8070,33608.53,2012
Amaco,Zhytomyr,3S-4000F,84252.86,2012
Amaco,Zhytomyr,3S-4000F,80462.79,2012
Amaco,Zhytomyr,2SF30,58653.81,2013
Amaco,Zhytomyr,2SF30,61512.72,2014
Amaco,Zhytomyr,3S-3000F,66608.12,2014
Agroresurs,Zhytomyr,PD8070,30830.15,2012
Agroresurs,Zhytomyr,PFH-2000,50893.26,2013
Agroresurs,Zhytomyr,3S-4000F,79246.2,2013
Agroresurs,Zhytomyr,YP825A,33160.88,2013
Technotorg,Zhytomyr,SSH-2000,37317.06,2014
Eridon,Zhytomyr,8328DV,34618.12,2011
Eridon,Zhytomyr,PD8070,31241.78,2011
Eridon,Zhytomyr,CPH-2000,46947.12,2011
Eridon,Zhytomyr,CPH-2000,46947.12,2011
Eridon,Zhytomyr,YP1630F,95642.68,2013
Eridon,Zhytomyr,YP825A,32185.56,2013
Eridon,Zhytomyr,PD8070,32727.39,2013
